id,categories,year
1212.5524,cs.SY cs.LG,2019
1403.6508,cs.GT cs.AI cs.LG,2019
1610.00673,cs.LG cs.AI cs.RO,2019
1612.05695,quant-ph cs.AI cs.LG cs.NE math.OC,2019
1702.06185,cs.IT math.IT,2019
1703.01703,cs.LG,2019
1703.06748,cs.LG cs.CR stat.ML,2019
1703.07940,cs.LG cs.AI stat.ML,2019
1707.04192,q-bio.NC,2019
1708.02378,cs.AI,2019
1709.02066,cs.LG cs.AI,2019
1709.04083,cs.LG cs.AI,2019
1709.06560,cs.LG stat.ML,2019
1709.06656,cs.AI cs.MA,2019
1710.05465,cs.AI cs.RO cs.SY,2019
1711.05133,cs.NE physics.optics,2019
1711.05851,cs.CL cs.AI,2019
1711.06834,cs.RO cs.CV cs.NE,2019
1711.08946,cs.LG cs.AI,2019
1711.10520,cs.CV,2019
1711.11180,cs.AI,2019
1712.04609,q-fin.CP cs.LG,2019
1801.00209,cs.LG stat.ML,2019
1801.05299,cs.CV,2019
1801.05500,cs.IT cs.AI cs.GT math.IT,2019
1801.08099,cs.LG cs.LO,2019
1801.09627,cs.LG cs.RO cs.SY,2019
1802.00265,cs.RO cs.CV cs.LG,2019
1802.01772,cs.LG cs.AI,2019
1802.02274,cs.RO cs.AI,2019
1802.02904,cs.CV,2019
1802.03976,cs.LG cs.AI,2019
1802.05313,cs.AI cs.LG stat.ML,2019
1802.06444,cs.MA cs.AI,2019
1802.08976,stat.ML cs.LG,2019
1803.02811,cs.LG cs.AI cs.DC,2019
1803.04996,cs.RO,2019
1803.07950,cs.CV,2019
1803.09200,cs.RO,2019
1803.11115,cs.LG cs.AI stat.ML,2019
1803.11347,cs.LG cs.RO stat.ML,2019
1804.00379,cs.LG stat.ML,2019
1804.00495,cs.CV cs.LG,2019
1804.01874,cs.LG cs.AI stat.ML,2019
1804.02477,cs.LG cs.AI cs.PL stat.ML,2019
1805.04514,cs.LG cs.AI stat.ML,2019
1805.06628,eess.SP,2019
1805.07687,cs.LG stat.ML,2019
1805.07805,cs.LG cs.AI stat.ML,2019
1805.08180,cs.LG cs.AI cs.NE cs.RO stat.ML,2019
1805.08191,cs.CV cs.AI cs.LG cs.NE,2019
1805.08328,cs.LG stat.ML,2019
1805.09461,cs.LG stat.ML,2019
1805.09496,cs.LG cs.AI stat.ML,2019
1805.09975,cs.AI,2019
1805.10662,cs.LG cs.AI stat.ML,2019
1805.12375,cs.LG stat.ML,2019
1805.12573,cs.LG stat.ML,2019
1806.00877,cs.LG math.OC stat.ML,2019
1806.04562,cs.LG cs.AI stat.ML,2019
1806.04582,cs.NI,2019
1806.06798,cs.LG cs.AI stat.ML,2019
1806.07377,cs.CV cs.AI cs.LG,2019
1806.09795,cs.LG cs.GT stat.ML,2019
1806.11532,cs.LG cs.CL stat.ML,2019
1807.01675,cs.LG cs.AI stat.ML,2019
1807.02264,cs.LG stat.ML,2019
1807.02908,cs.CV cs.LG,2019
1807.03858,cs.LG cs.AI stat.ML,2019
1807.06096,cs.AI,2019
1807.06333,cs.LG cs.AI stat.ML,2019
1807.06613,cs.MA cs.AI cs.LG cs.SY stat.ML,2019
1807.07665,cs.LG cs.AI stat.ML,2019
1807.08058,cs.LO cs.AI cs.LG,2019
1807.08315,cs.NI cs.LG eess.SP,2019
1807.09647,cs.LG cs.AI stat.ML,2019
1808.01813,cs.LG stat.ML,2019
1808.03196,cs.DB,2019
1808.03405,cs.CV,2019
1808.07645,cs.HC cs.AI cs.CL,2019
1808.07664,physics.flu-dyn,2019
1808.09241,quant-ph,2019
1809.01560,cs.LG cs.AI cs.CR stat.ML,2019
1809.01694,cs.CL,2019
1809.01843,cs.LG cs.AI stat.ML,2019
1809.02121,cs.LG stat.ML,2019
1809.03359,cs.AI,2019
1809.05096,cs.MA cs.AI cs.LG,2019
1809.05258,cs.LG cs.CR stat.ML,2019
1809.06121,cs.LG cs.RO stat.ML,2019
1809.06404,cs.LG cs.AI cs.RO stat.ML,2019
1809.06750,cs.SY cs.LG,2019
1809.07225,cs.MA,2019
1809.07480,cs.LG stat.ML,2019
1809.07803,cs.LG cs.AI stat.ML,2019
1809.08835,cs.RO cs.LG,2019
1809.09095,cs.LG cs.AI stat.ML,2019
1809.09318,cs.LG stat.ML,2019
1809.09332,cs.LG cs.AI cs.MA,2019
1809.10124,cs.RO cs.AI cs.LG,2019
1809.10736,cs.CL,2019
1810.00147,cs.AI cs.LG cs.MA stat.ML,2019
1810.00619,cs.LG cs.PL stat.ML,2019
1810.01176,cs.LG cs.AI stat.ML,2019
1810.01218,cs.LG,2019
1810.01758,cs.SY,2019
1810.02912,cs.LG cs.AI cs.MA stat.ML,2019
1810.03259,cs.NI,2019
1810.03679,cs.LG cs.AI cs.MA stat.ML,2019
1810.03779,cs.LG stat.ML,2019
1810.05419,cs.IT math.IT,2019
1810.05587,cs.MA cs.AI cs.LG,2019
1810.06640,cs.CL cs.LG stat.ML,2019
1810.06667,cs.LG cs.CL stat.ML,2019
1810.06979,cs.RO cs.HC cs.LG,2019
1810.08647,cs.LG cs.AI cs.MA stat.ML,2019
1810.08700,cs.RO cs.AI cs.LG,2019
1810.09028,cs.LG cs.AI stat.ML,2019
1810.09337,cs.SY,2019
1810.10096,cs.AI cs.LG math.OC,2019
1810.12027,cs.IR,2019
1810.12162,cs.LG cs.AI cs.IT cs.NE math.IT stat.ML,2019
1810.12282,cs.LG cs.AI stat.ML,2019
1810.12558,cs.LG cs.AI stat.ML,2019
1810.12950,cs.RO,2019
1811.00090,cs.AI,2019
1811.00260,cs.LG cs.AI stat.ML,2019
1811.00429,cs.LG stat.ML,2019
1811.01458,cs.MA cs.AI cs.LG,2019
1811.01483,cs.LG cs.AI stat.ML,2019
1811.01700,cs.AI cs.LG cs.RO,2019
1811.02693,cs.LG cs.AI math.OC stat.ML,2019
1811.03056,cs.LG cs.AI stat.ML,2019
1811.03307,cs.RO cs.LG,2019
1811.03376,cs.AI,2019
1811.06166,cs.MM,2019
1811.06776,cs.NI,2019
1811.08067,cs.RO cs.CV cs.LG,2019
1811.08318,cs.AI,2019
1811.08549,cs.LG cs.AI cs.GT stat.ML,2019
1811.08586,cs.LG cs.AI cs.RO,2019
1811.10102,physics.med-ph,2019
1811.10158,cs.LG stat.ML,2019
1811.11082,cs.CV,2019
1811.11329,cs.CV cs.LG cs.RO,2019
1811.11615,cs.RO cs.LG,2019
1811.12556,cs.LG cs.AI stat.ML,2019
1812.00285,cs.LG cs.AI stat.ML,2019
1812.00600,cs.LG stat.ML,2019
1812.02341,cs.LG stat.ML,2019
1812.02850,cs.AI,2019
1812.02900,cs.LG cs.AI stat.ML,2019
1812.03239,cs.LG cs.MA stat.ML,2019
1812.05285,cs.CV cs.AI,2019
1812.05551,cs.LG stat.ML,2019
1812.06183,cs.NI,2019
1812.06885,cs.IT cs.NI math.IT,2019
1812.07019,cs.NE cs.MA q-bio.PE,2019
1812.07069,cs.NE,2019
1812.07544,cs.LG cs.AI stat.ML,2019
1812.09778,cs.IT math.IT,2019
1812.10321,cs.DB,2019
1812.11103,cs.LG cs.AI cs.RO stat.ML,2019
1812.11276,cs.LG stat.ML,2019
1812.11314,cs.LG cs.AI stat.ML,2019
1812.11619,quant-ph,2019
1812.11720,cs.CR cs.LG,2019
1901.00188,cs.LG stat.ML,2019
1901.00210,cs.LG cs.AI stat.ML,2019
1901.00608,cs.NI,2019
1901.00898,cs.LG cs.AI cs.CV stat.ML,2019
1901.00943,cs.LG cs.AI cs.NE cs.RO,2019
1901.00949,cs.AI,2019
1901.00960,cs.SY,2019
1901.01119,eess.SP cs.LG stat.ML,2019
1901.01325,cs.LG cs.AI,2019
1901.01365,cs.LG cs.AI stat.ML,2019
1901.01379,cs.LG cs.AI stat.ML,2019
1901.01492,cs.CV,2019
1901.01517,cs.NI,2019
1901.01536,cs.LG cs.RO stat.ML,2019
1901.01977,cs.LG cs.AI stat.ML,2019
1901.01994,cs.LG cs.AI stat.ML,2019
1901.02161,cs.LG stat.ML,2019
1901.03162,cs.LG cs.AI cs.CV stat.ML,2019
1901.03327,cs.RO cs.AI cs.LG stat.ML,2019
1901.04615,cs.PL cs.LG,2019
1901.04670,cs.LG cs.AI stat.ML,2019
1901.04693,cs.SY cs.AI,2019
1901.04772,cs.AI,2019
1901.04882,cs.GT cs.MA math.OC,2019
1901.05152,cs.DB,2019
1901.05351,cs.LG stat.ML,2019
1901.05856,cs.LG cs.AI,2019
1901.06086,cs.LG stat.ML,2019
1901.06455,cs.RO cs.AI cs.DC cs.LG cs.SY,2019
1901.06576,cs.LG stat.ML,2019
1901.06603,quant-ph,2019
1901.06829,cs.CV,2019
1901.07010,cs.LG stat.ML,2019
1901.07333,cs.CY cs.GT cs.LG stat.ML,2019
1901.07510,cs.LG stat.ML,2019
1901.07517,cs.RO cs.AI cs.LG cs.SY,2019
1901.07839,math.OC cs.LG,2019
1901.07880,cs.CL cs.LG,2019
1901.07905,cs.SY,2019
1901.08004,cs.LG cs.AI,2019
1901.08129,cs.AI,2019
1901.08162,cs.LG cs.AI stat.ML,2019
1901.08492,cs.MA cs.AI cs.LG,2019
1901.08562,cs.LG stat.ML,2019
1901.08740,cs.LG cs.AI stat.ML,2019
1901.08748,quant-ph cond-mat.quant-gas,2019
1901.08978,math.OC,2019
1901.09184,cs.LG stat.ML,2019
1901.09207,cs.LG cs.AI stat.ML,2019
1901.09326,cs.LG stat.ML,2019
1901.09330,cs.LG stat.ML,2019
1901.09455,cs.LG stat.ML,2019
1901.09732,cs.LG stat.ML,2019
1901.09833,cs.MA,2019
1901.09837,cs.MA cs.LG,2019
1901.10023,cs.DC,2019
1901.10059,cs.GT cs.LG cs.MA,2019
1901.10251,cs.LG stat.ML,2019
1901.10646,cs.NI,2019
1901.10691,cs.LG stat.ML,2019
1901.10832,eess.SP,2019
1901.10964,cs.LG cs.AI,2019
1901.11454,cs.MA,2019
1901.11503,cs.LG cs.AI cs.RO stat.ML,2019
1901.11524,cs.LG cs.AI stat.ML,2019
1901.11529,cs.AI,2019
1902.00137,cs.LG cs.AI stat.ML,2019
1902.00183,cs.LG stat.ML,2019
1902.00255,cs.LG stat.ML,2019
1902.00330,cs.CL,2019
1902.00478,cs.AR,2019
1902.00566,cs.LG stat.ML,2019
1902.00637,cs.MM eess.SP,2019
1902.00673,cs.AI,2019
1902.00715,cs.LG cs.IR stat.ML,2019
1902.00719,cs.LG cs.AI cs.HC stat.ML,2019
1902.00843,cs.LG stat.ML,2019
1902.01119,cs.AI cs.CL cs.LG cs.SY,2019
1902.01554,cs.AI cs.LG cs.MA,2019
1902.01670,cs.LG cs.RO stat.ML,2019
1902.01899,cs.DC cs.LG,2019
1902.01909,cs.RO cs.AI cs.LG stat.ML,2019
1902.02157,quant-ph,2019
1902.02186,cs.LG cs.AI stat.ML,2019
1902.02279,cs.AI,2019
1902.02725,cs.LG stat.ML,2019
1902.02893,cs.LG cs.AI,2019
1902.03142,cs.AI,2019
1902.03185,cs.MA cs.AI,2019
1902.03657,cs.LG stat.ML,2019
1902.03701,cs.LG cs.RO stat.ML,2019
1902.03765,cs.LG cs.AI cs.CV cs.RO stat.ML,2019
1902.04118,cs.LG cs.NE cs.PF stat.ML,2019
1902.04178,cs.LG cs.AI stat.ML,2019
1902.04179,cs.LG cs.AI stat.ML,2019
1902.04198,cs.LG cs.AI stat.ML,2019
1902.04257,cs.LG stat.ML,2019
1902.04546,cs.LG cs.AI cs.NE stat.ML,2019
1902.04623,cs.RO,2019
1902.04706,cs.LG cs.RO stat.ML,2019
1902.05183,cs.RO,2019
1902.05551,cs.LG stat.ML,2019
1902.05570,cs.IR,2019
1902.05605,cs.LG stat.ML,2019
1902.05632,cs.AI,2019
1902.05644,cs.AI,2019
1902.05772,cs.LG cs.AI,2019
1902.05795,cs.LG cs.AI stat.ML,2019
1902.06228,cs.MA,2019
1902.06239,cs.AI cs.LG,2019
1902.06527,cs.LG cs.AI cs.MA,2019
1902.06766,cs.AI cs.LG stat.ML,2019
1902.06824,cs.AI,2019
1902.06865,stat.ML cs.LG,2019
1902.07015,cs.LG cs.AI stat.ML,2019
1902.07393,math.OC,2019
1902.07497,cs.MA,2019
1902.07742,cs.LG stat.ML,2019
1902.07903,cs.NI cs.LG stat.ML,2019
1902.08093,cs.AI cs.LG,2019
1902.08102,stat.ML cs.LG,2019
1902.08349,cs.LG cs.AI stat.ML,2019
1902.08418,quant-ph,2019
1902.08708,stat.ML cs.LG,2019
1902.08858,cs.CL cs.AI,2019
1902.08882,cs.IR cs.CY,2019
1902.09434,cs.LG stat.ML,2019
1902.09467,eess.SP cs.IT cs.NI cs.SI math.IT,2019
1902.09628,cs.RO cs.AI cs.LG,2019
1902.09835,cs.AI cs.LG,2019
1902.10236,cs.CL,2019
1902.10301,cs.IT cs.LG math.IT,2019
1902.10574,cs.LG cs.NI stat.ML,2019
1902.10646,cs.AI,2019
1903.00041,cs.CL,2019
1903.00676,cs.CV cs.RO,2019
1903.00714,cs.MA cs.AI,2019
1903.00715,cs.LG cs.AI stat.ML,2019
1903.00743,cs.LG cs.AI stat.ML,2019
1903.01003,cs.LG cs.AI,2019
1903.01004,cs.LG cs.AI stat.ML,2019
1903.01063,cs.LG cs.AI cs.RO stat.ML,2019
1903.01066,cs.RO,2019
1903.01344,cs.LG cs.AI stat.ML,2019
1903.01363,cs.DB,2019
1903.01365,cs.MA cs.AI cs.LG,2019
1903.01567,cs.LG cs.AI cs.NE,2019
1903.01599,stat.ML cs.LG,2019
1903.01747,cs.LG stat.ML,2019
1903.02020,cs.LG cs.AI stat.ML,2019
1903.02074,cs.RO cs.CV cs.LG,2019
1903.02183,cs.AI stat.ML,2019
1903.02219,cs.RO cs.LG cs.SY,2019
1903.02526,cs.LG cs.AI cs.RO,2019
1903.02710,cs.AI,2019
1903.02993,cs.LG stat.ML,2019
1903.03064,cs.LG stat.ML,2019
1903.03176,cs.LG cs.AI,2019
1903.03411,cs.AI cs.LG,2019
1903.03495,cs.AI,2019
1903.03600,eess.SP,2019
1903.03642,cs.LG cs.RO stat.ML,2019
1903.03812,cs.LG stat.ML,2019
1903.04019,cs.CV,2019
1903.04110,cs.LG cs.AI stat.ML,2019
1903.04193,cs.LG cs.AI,2019
1903.04411,cs.CV cs.AI,2019
1903.04527,cs.LG stat.ML,2019
1903.04959,cs.LG cs.AI cs.MA stat.ML,2019
1903.05196,cs.LG cs.SY stat.ML,2019
1903.05271,cs.LG stat.ML,2019
1903.05561,cs.MA cs.LG,2019
1903.05803,cs.LG cs.SY stat.ML,2019
1903.05812,math.OC,2019
1903.05926,cs.LG cs.AI stat.ML,2019
1903.06282,cs.RO cs.AI cs.LG,2019
1903.06372,cs.LG stat.ML,2019
1903.06638,cs.CR cs.LG stat.ML,2019
1903.06787,cs.LG stat.ML,2019
1903.07364,eess.SP cs.NI,2019
1903.07765,cs.LG cs.AI stat.ML,2019
1903.07826,cs.IR cs.AI,2019
1903.08254,cs.LG cs.AI stat.ML,2019
1903.08542,cs.RO,2019
1903.08792,cs.LG cs.SY stat.ML,2019
1903.09255,cs.LG cs.AI math.OC stat.ML,2019
1903.09328,cs.AI,2019
1903.09366,cs.LG cs.AI cs.RO stat.AP stat.ML,2019
1903.09374,cs.LG cs.AI cs.IR,2019
1903.09537,cs.RO,2019
1903.09688,cs.LG cs.NE cs.SY stat.ML,2019
1903.09708,cs.HC cs.AI,2019
1903.09885,cs.LG stat.ML,2019
1903.10654,cs.LG cs.AI cs.RO,2019
1903.10671,cs.CL,2019
1903.11012,cs.LG cs.NE stat.ML,2019
1903.11524,cs.LG cs.AI cs.RO stat.ML,2019
1903.12311,cs.RO cs.SY,2019
1903.12328,cs.LG stat.ML,2019
1903.12344,cs.LG stat.ML,2019
1903.12348,cs.SY,2019
1903.12517,cs.AI,2019
1903.12546,eess.SP cs.IT cs.LG math.IT,2019
1904.00035,cs.RO cs.LG cs.SY stat.ML,2019
1904.00231,cs.RO cs.AI cs.LG stat.ML,2019
1904.00327,cs.IT cs.LG math.IT,2019
1904.00441,cs.AI,2019
1904.00511,cs.LG cs.AI cs.RO,2019
1904.00601,cs.LG cs.AI cs.IT math.IT stat.ML,2019
1904.00720,cs.SE cs.CL cs.IR cs.LG,2019
1904.01200,cs.LG stat.ML,2019
1904.01279,cs.DB,2019
1904.01318,cs.CV,2019
1904.01806,cs.LG stat.ML,2019
1904.02201,cs.CV,2019
1904.02206,cs.LG stat.ML,2019
1904.02435,cs.LG cs.AI cs.NE,2019
1904.03295,cs.LG cs.AI stat.ML,2019
1904.03367,cs.LG stat.ML,2019
1904.04614,cs.SY,2019
1904.04973,q-fin.PM cs.AI cs.LG stat.ML,2019
1904.05242,eess.SP,2019
1904.05381,cs.LG cs.AI stat.ML,2019
1904.06260,cs.LG cs.AI stat.ML,2019
1904.06312,cs.LG cs.AI stat.ML,2019
1904.06615,cs.NI,2019
1904.06736,cs.AI,2019
1904.07189,cs.RO cs.AI,2019
1904.07292,math.OC cs.SY,2019
1904.07511,cs.IT cs.LG math.IT,2019
1904.07788,cs.RO,2019
1904.07802,cs.LG cs.AI cs.HC,2019
1904.07817,cs.LG cs.AI,2019
1904.07854,cs.LG cs.CV cs.RO stat.ML,2019
1904.07961,cs.NI cs.AI cs.LG,2019
1904.08061,cs.CL cs.LG,2019
1904.08129,cs.LG stat.ML,2019
1904.08149,cs.LG cs.AI cs.NE,2019
1904.08353,stat.ML cs.LG cs.SY,2019
1904.08915,cs.LG stat.ML,2019
1904.09023,cs.AI cs.LG,2019
1904.09024,cs.LG cs.AI stat.ML,2019
1904.09374,cs.SY,2019
1904.09489,cs.LG cs.AI stat.ML,2019
1904.09503,cs.LG cs.AI cs.CV cs.RO,2019
1904.10079,cs.LG cs.AI stat.ML,2019
1904.10171,cs.RO cs.LG stat.ML,2019
1904.10729,cs.LG,2019
1904.10932,cs.NE cs.LG,2019
1904.11115,cs.LG cs.AI,2019
1904.11455,cs.LG cs.AI stat.ML,2019
1904.11483,cs.RO cs.AI cs.LG,2019
1904.11533,cs.NI,2019
1904.12232,cs.LG math.OC stat.ML,2019
1904.12304,cs.CV cs.AI,2019
1904.12653,cs.NI cs.IT cs.LG math.IT,2019
1904.12676,cs.DC cs.PF,2019
1904.12901,cs.LG cs.AI cs.RO stat.ML,2019
1904.12957,math.OC math.AP,2019
1904.13255,cs.LG cs.AI stat.ML,2019
1905.00360,cs.LG cs.AI stat.ML,2019
1905.00475,cs.LG stat.ML,2019
1905.00557,cs.SY cs.AI cs.LG,2019
1905.01357,cs.MA cs.LG,2019
1905.01718,cs.LG cs.AI cs.RO stat.ML,2019
1905.02005,cs.LG cs.AI stat.ML,2019
1905.02248,cs.NI cs.LG eess.SP,2019
1905.02363,cs.LG cs.AI stat.ML,2019
1905.02636,q-bio.NC cs.LG cs.NE,2019
1905.02662,cs.NE cs.AI cs.LG,2019
1905.02698,cs.LG cs.AI stat.ML,2019
1905.02825,cs.LG stat.ML,2019
1905.02910,cs.IT math.IT,2019
1905.02993,cs.IT cs.NI math.IT,2019
1905.03440,cs.NI cs.LG eess.SP,2019
1905.03494,cs.NI cs.AI,2019
1905.03726,cs.NE cs.AI,2019
1905.03927,cs.LG stat.ML,2019
1905.03929,cs.LG cs.AI cs.NI stat.ML,2019
1905.03985,cs.LG cs.AI stat.ML,2019
1905.04041,eess.SP cs.IT math.IT,2019
1905.04094,cs.LG cs.CV stat.ML,2019
1905.04100,cs.NE cs.RO,2019
1905.04127,cs.LG cs.AI,2019
1905.04205,cs.MA cs.AI cs.LG,2019
1905.04388,cs.LG stat.ML,2019
1905.04716,cs.LG cs.AI,2019
1905.04819,cs.LG cs.AI stat.ML,2019
1905.04835,cs.LG cs.CV cs.MA cs.RO cs.SY stat.ML,2019
1905.05179,cs.LG cs.AI cs.SE stat.ML,2019
1905.05180,cs.LG cs.AI stat.ML,2019
1905.05217,cs.MA cs.LG,2019
1905.05256,cs.IT cs.LG math.IT,2019
1905.05380,cs.LG cs.SY stat.ML,2019
1905.05408,cs.LG cs.AI cs.MA stat.ML,2019
1905.05710,cs.LG cs.AI stat.ML,2019
1905.05857,cs.LG stat.ML,2019
1905.05914,cs.IT cs.LG math.IT,2019
1905.05965,cs.CR cs.AI cs.LG,2019
1905.06077,cs.RO cs.LG,2019
1905.06125,cs.LG cs.AI stat.ML,2019
1905.06274,cs.LG cs.RO stat.ML,2019
1905.06314,cs.OH cs.AR,2019
1905.06466,cs.LG math.OC stat.ML,2019
1905.06527,cs.LG cs.AI stat.ML,2019
1905.07089,cs.IR cs.LG,2019
1905.07144,eess.SP cs.LG cs.NI,2019
1905.07193,cs.LG cs.AI cs.RO stat.ML,2019
1905.07237,cs.LG cs.AI stat.ML,2019
1905.07366,cs.LG physics.ao-ph stat.ML,2019
1905.07628,cs.LG cs.AI cs.NE stat.ML,2019
1905.07698,cs.SY eess.SP,2019
1905.07727,cs.LG cs.AI,2019
1905.07861,cs.LG cs.AI stat.ML,2019
1905.07866,cs.RO cs.LG,2019
1905.08006,cs.NE,2019
1905.08188,cs.LG cs.AI stat.ML,2019
1905.08314,cs.RO cs.LG cs.SY,2019
1905.08926,cs.LG cs.AI cs.RO,2019
1905.09046,cs.RO,2019
1905.09207,cs.LG cs.CR stat.ML,2019
1905.09438,cs.CL cs.AI cs.NE,2019
1905.09562,cs.LG stat.ML,2019
1905.09668,cs.RO cs.AI cs.LG,2019
1905.09683,cs.LG cs.AI cs.RO,2019
1905.09951,cs.LG stat.ML,2019
1905.10016,cs.LG stat.ML,2019
1905.10060,cs.CL,2019
1905.10144,cs.LG cs.AI stat.ML,2019
1905.10345,cs.LG stat.ML,2019
1905.10389,cs.LG stat.ML,2019
1905.10404,cs.LG cs.AI stat.ML,2019
1905.10744,cs.LG stat.ML,2019
1905.10958,cs.LG cs.AI cs.HC stat.ML,2019
1905.11100,cs.LG stat.ML,2019
1905.11108,cs.LG stat.ML,2019
1905.11259,cs.CL cs.AI cs.LG eess.AS,2019
1905.11524,cs.SY,2019
1905.11527,cs.LG cs.AI stat.ML,2019
1905.11867,cs.LG cs.AI stat.ML,2019
1905.12009,cs.LG math.OC stat.ML,2019
1905.12044,cs.LG cs.AI stat.ML,2019
1905.12345,cs.LG cs.AI stat.ML,2019
1905.12425,cs.LG cs.AI cs.GT stat.ML,2019
1905.12567,cs.LG stat.ML,2019
1905.12654,cs.LG cs.AI stat.ML,2019
1905.12767,cs.LG cs.AI cs.IR stat.ML,2019
1905.12799,cs.LG stat.ML,2019
1905.12916,cs.LG stat.ML,2019
1905.13357,cs.LG cs.AI stat.ML,2019
1905.13420,cs.LG stat.ML,2019
1905.13562,cs.LG cs.AI stat.ML,2019
1905.13719,cs.LG stat.ML,2019
1906.00131,cs.AI,2019
1906.00214,cs.RO cs.LG stat.ML,2019
1906.00317,cs.AI,2019
1906.00336,cs.LG cs.AI stat.ML,2019
1906.00429,cs.LG cs.AI stat.ML,2019
1906.00431,cs.LG cs.AI stat.ML,2019
1906.00571,eess.SP cs.LG stat.ML,2019
1906.00572,cs.LG stat.ML,2019
1906.00625,eess.SP cs.LG,2019
1906.01110,cs.LG cs.AI cs.CR cs.SY stat.ML,2019
1906.01121,cs.LG cs.AI cs.CR stat.ML,2019
1906.01126,cs.LG cs.AI cs.CR stat.ML,2019
1906.01127,cs.LG cs.SY stat.ML,2019
1906.01374,cs.LG cs.AI stat.ML,2019
1906.01407,cs.LG cs.AI stat.ML,2019
1906.01452,cs.CV,2019
1906.01695,cs.LG stat.ML,2019
1906.02138,cs.AI,2019
1906.02275,cs.RO cs.LG stat.ML,2019
1906.02457,cs.LG cs.AI stat.ML,2019
1906.02500,cs.LG stat.ML,2019
1906.02578,cs.AI,2019
1906.02671,cs.MM cs.CL cs.LG cs.NE cs.RO,2019
1906.02771,cs.LG cs.AI stat.ML,2019
1906.02923,cs.CL,2019
1906.03037,cs.CY cs.AI cs.LG cs.MA,2019
1906.03735,cs.LG stat.ML,2019
1906.03926,cs.LG cs.AI cs.CL stat.ML,2019
1906.04034,cs.SY,2019
1906.04057,cs.SY,2019
1906.04106,cs.CL,2019
1906.04355,cs.LG cs.AI stat.ML,2019
1906.04447,cs.CL cs.AI,2019
1906.04448,cs.IT cs.AI cs.LG math.IT stat.ML,2019
1906.04452,cs.LG cs.RO stat.ML,2019
1906.04594,cs.LG stat.ML,2019
1906.04737,cs.LG cs.AI cs.MA stat.ML,2019
1906.04813,cs.LG q-fin.TR stat.ML,2019
1906.05085,eess.SY cs.LG cs.SY,2019
1906.05735,eess.SY cs.SY,2019
1906.05803,cs.LG q-bio.NC stat.ML,2019
1906.05841,cs.RO cs.CV cs.LG,2019
1906.05930,cs.CV cs.LG cs.RO,2019
1906.06021,eess.SP cs.IT math.IT,2019
1906.06273,cs.LG cs.AI stat.ML,2019
1906.06576,cs.LG stat.ML,2019
1906.06588,cs.RO cs.LG,2019
1906.06639,cs.LG stat.ML,2019
1906.06717,cs.LG cs.AI stat.ML,2019
1906.07095,cs.NI cs.LG stat.ML,2019
1906.07248,cs.LG stat.ML,2019
1906.07343,cs.LG cs.AI cs.CL stat.ML,2019
1906.07586,cs.LG stat.ML,2019
1906.07805,cs.LG cs.AI stat.ML,2019
1906.07860,eess.SP cs.LG cs.NI stat.ML,2019
1906.08312,cs.LG stat.ML,2019
1906.08464,cs.RO cs.AI cs.LG cs.SY eess.SY,2019
1906.08586,q-bio.TO,2019
1906.08662,eess.SY cs.AI cs.LG cs.SY,2019
1906.08805,cs.CR cs.AI cs.GT,2019
1906.08809,cs.LG cs.AI stat.ML,2019
1906.08812,eess.SP,2019
1906.08880,cs.RO cs.AI cs.LG,2019
1906.09035,eess.SY cs.LG cs.SY,2019
1906.09205,cs.LG cs.AI cs.RO stat.ML,2019
1906.09223,cs.LG cs.AI stat.ML,2019
1906.09323,cs.LG cs.AI cs.GT stat.ML,2019
1906.09340,cs.LG cs.AI,2019
1906.09550,eess.SP cs.AI cs.LG cs.NI,2019
1906.09624,cs.LG cs.AI stat.ML,2019
1906.09835,q-bio.NC cs.SY eess.SY,2019
1906.09874,cs.MA cs.AI cs.GT,2019
1906.10025,cs.LG cs.AI stat.ML,2019
1906.10099,cs.RO,2019
1906.10382,physics.comp-ph,2019
1906.10417,eess.SY cs.SY,2019
1906.10571,cs.LG cs.AI math.OC,2019
1906.10667,cs.LG cs.AI stat.ML,2019
1906.10740,cs.LG cs.AI,2019
1906.10815,eess.SY cs.SY,2019
1906.10844,cond-mat.soft cs.LG,2019
1906.10971,cs.RO cs.SY eess.SY,2019
1906.11021,cs.RO cs.AI cs.LG,2019
1906.11046,q-fin.TR cs.LG stat.ML,2019
1906.11075,cs.LG cs.AI,2019
1906.11462,cs.IR cs.LG,2019
1906.11527,cs.LG stat.ML,2019
1906.11938,cs.CR cs.GT cs.LG,2019
1906.12061,cs.LG cs.CR stat.ML,2019
1906.12182,cs.CR cs.AI cs.GT cs.LG,2019
1906.12189,eess.SY cs.AI cs.LG cs.SY,2019
1906.12350,cs.LG cs.AI cs.MA q-bio.NC stat.ML,2019
1907.00269,cs.RO cs.AI cs.LG,2019
1907.00313,cs.AI,2019
1907.00318,cs.CV,2019
1907.00327,cs.MA cs.AI cs.CV,2019
1907.00388,cs.RO cs.SY eess.SY,2019
1907.00456,cs.LG cs.AI stat.ML,2019
1907.00664,cs.LG stat.ML,2019
1907.00824,cs.HC cs.LG cs.SD eess.AS,2019
1907.01180,cs.LG cs.AI cs.RO,2019
1907.01348,cs.RO cs.SY eess.SY,2019
1907.01503,q-fin.ST,2019
1907.01713,cs.RO,2019
1907.02057,cs.LG cs.AI cs.RO stat.ML,2019
1907.02140,cs.LG cs.AI stat.ML,2019
1907.02848,cs.LG cs.CL,2019
1907.02874,cs.LG cs.AI stat.ML,2019
1907.02908,cs.LG cs.AI stat.ML,2019
1907.03053,cs.LG cs.MA stat.ML,2019
1907.03098,cs.LG cs.NE,2019
1907.03116,cs.LG cs.RO stat.ML,2019
1907.03540,cs.LG cs.AI eess.AS stat.ML,2019
1907.03613,cs.LG cs.AI cs.RO,2019
1907.04373,q-fin.CP cs.LG,2019
1907.04902,cs.LG stat.ML,2019
1907.05079,cs.LG cs.AI stat.ML,2019
1907.05388,cs.LG math.OC stat.ML,2019
1907.05431,cs.LG cs.AI cs.PL stat.ML,2019
1907.05446,cs.RO cs.AI cs.CL,2019
1907.05855,cs.LG cs.AI stat.ML,2019
1907.06290,cs.LG cs.AI stat.ML,2019
1907.06396,cs.LG stat.ML,2019
1907.06584,cs.LG cs.AI stat.ML,2019
1907.06704,cs.LG cs.AI,2019
1907.06725,cs.RO cs.HC cs.LG,2019
1907.06768,cs.DC,2019
1907.06838,cs.LG cs.AI cs.CV eess.IV,2019
1907.06884,cs.RO cs.SY eess.SY,2019
1907.07273,cs.LG cs.AI stat.ML,2019
1907.07606,cs.IT cs.CR math.IT,2019
1907.07776,cs.AR cs.LG,2019
1907.07847,cs.LG cs.MA stat.ML,2019
1907.08461,cs.LG stat.ML,2019
1907.08686,cs.IR cs.LG stat.ML,2019
1907.09300,cs.NE,2019
1907.09319,cs.NI cs.AI cs.IT cs.LG math.IT,2019
1907.09350,cs.LG stat.ML,2019
1907.09466,cs.LG cs.AI stat.ML,2019
1907.09467,cs.LG cs.AI cs.MA,2019
1907.09470,cs.LG cs.AI cs.CR stat.ML,2019
1907.09475,cs.LG cs.AI stat.ML,2019
1907.09597,cs.MA cs.LG,2019
1907.09692,cs.CL cs.AI cs.LG,2019
1907.10323,cs.LG cs.AI stat.ML,2019
1907.10827,cs.LG cs.MA stat.ML,2019
1907.11238,cs.SD cs.AI cs.LG eess.AS,2019
1907.11703,cs.LG cs.MA stat.ML,2019
1907.11754,cs.LG cs.IR stat.ML,2019
1907.11788,cs.LG cs.AI stat.ML,2019
1907.11887,cs.NI cs.CR cs.LG,2019
1907.11971,cs.AI,2019
1907.12093,q-fin.TR q-fin.MF,2019
1907.12477,cs.LG cs.AI cs.CL,2019
1907.12894,cs.CL cs.LG,2019
1907.13196,cs.LG cs.AI stat.ML,2019
1907.13220,cs.LG stat.ML,2019
1907.13369,cs.CV,2019
1907.13411,cs.LG stat.ML,2019
1907.13548,cs.LG cs.CR stat.ML,2019
1908.00169,cs.CV,2019
1908.00286,cs.LG cs.AI cs.CL cs.HC stat.ML,2019
1908.01007,cs.LG cs.AI stat.ML,2019
1908.01275,cs.LG cs.AI cs.SY eess.SY,2019
1908.02047,cs.AI cs.LG,2019
1908.02974,cs.LG stat.ML,2019
1908.03242,cs.NI,2019
1908.03440,cs.RO cs.LG stat.ML,2019
1908.03627,cs.RO cs.AI cs.LG stat.ML,2019
1908.04087,cs.RO cs.HC cs.LG,2019
1908.04127,physics.comp-ph cs.LG physics.flu-dyn,2019
1908.04436,cs.LG cs.AI stat.ML,2019
1908.04484,cs.NI cs.AI cs.AR cs.LG cs.SY eess.SY,2019
1908.04573,cs.LG cs.AI cs.MA stat.ML,2019
1908.04683,cs.AI,2019
1908.04734,cs.AI cs.LG,2019
1908.05256,cs.RO cs.AI cs.LG cs.SY eess.SY,2019
1908.05265,cs.LG stat.ML,2019
1908.05546,cs.RO cs.LG,2019
1908.05604,cs.IR cs.AI,2019
1908.05804,eess.SP,2019
1908.06012,cs.LG cs.AI stat.ML,2019
1908.06134,cs.LG stat.ML,2019
1908.06367,cs.IT cs.NI math.IT,2019
1908.06556,cs.CL cs.AI cs.LG,2019
1908.06599,cs.LG cs.SY eess.SY math.DS stat.ML,2019
1908.06758,cs.LG cs.AI,2019
1908.06973,cs.LG cs.AI,2019
1908.07466,eess.SP,2019
1908.07617,cs.AI cs.LG,2019
1908.08342,cs.LG cs.AI,2019
1908.08379,cs.LG stat.ML,2019
1908.08401,cs.LG cs.IT math.IT stat.ML,2019
1908.08578,cs.LG stat.ML,2019
1908.08773,cs.LG stat.ML,2019
1908.09381,cs.LG cs.AI stat.ML,2019
1908.09885,cs.CE,2019
1908.10255,cs.AI,2019
1908.10331,cs.AI cs.CL cs.LG cs.NE,2019
1908.10422,cs.AI cs.CL cs.LG,2019
1908.10719,cs.CL cs.LG,2019
1908.10755,cs.LG cs.IT math.IT,2019
1908.10771,q-fin.TR cs.LG,2019
1908.10835,cs.CL cs.LG,2019
1908.11543,math.OC eess.SP,2019
1909.00141,cs.CL cs.AI cs.LG cs.NE,2019
1909.00617,eess.IV cs.CV cs.LG,2019
1909.01214,cs.CL,2019
1909.01500,cs.LG cs.AI,2019
1909.01575,cs.LG cs.AI cs.NE cs.RO stat.ML,2019
1909.01610,cs.CL cs.AI cs.IR,2019
1909.01646,cs.LG cs.AI stat.ML,2019
1909.01779,cs.LG cs.AI stat.ML,2019
1909.02583,cs.LG cs.AI cs.CR stat.ML,2019
1909.02682,cs.LG stat.ML,2019
1909.02769,cs.LG math.OC stat.ML,2019
1909.02877,cs.LG stat.ML,2019
1909.02918,cs.LG cs.CR cs.CV stat.ML,2019
1909.02940,cs.LG cs.AI cs.GT cs.IT cs.MA math.IT stat.ML,2019
1909.03278,q-fin.TR cs.AI,2019
1909.03539,cs.LG cs.AI,2019
1909.03582,cs.CL cs.HC,2019
1909.03602,cs.IR cs.LG,2019
1909.03739,cs.LG cs.AI cs.SY eess.SY stat.ML,2019
1909.03772,cs.LG cs.AI cs.RO stat.ML,2019
1909.03939,cs.LG stat.ML,2019
1909.04121,cs.LG cs.AI stat.ML,2019
1909.04256,cs.AI,2019
1909.04751,cs.LG stat.ML,2019
1909.05106,cs.LG cs.AI cs.SY eess.SY stat.ML,2019
1909.05232,cs.MA cs.AI,2019
1909.05236,cs.LG cs.AI stat.ML,2019
1909.05304,cs.LO cs.LG cs.SY eess.SY stat.ML,2019
1909.05365,cs.CL cs.AI cs.LG,2019
1909.05388,cs.LG stat.ML,2019
1909.05731,cs.RO cs.SY eess.SY,2019
1909.05815,cs.MA cs.AI,2019
1909.05850,stat.ML cs.LG math.OC,2019
1909.06019,cs.LG cs.AI stat.ML,2019
1909.06301,cs.LG cs.PF stat.ML,2019
1909.06493,cs.LG cs.AI cs.RO cs.SY eess.SY stat.ML,2019
1909.06543,cs.LG cs.CR cs.SI stat.ML,2019
1909.06844,cs.LG stat.ML,2019
1909.07116,cs.AI cs.LG cs.SY eess.SY,2019
1909.07843,cs.LG cs.RO stat.ML,2019
1909.08332,cs.LG cs.AI stat.ML,2019
1909.08604,cs.SE cs.LG,2019
1909.08711,physics.soc-ph cs.AI cs.NE,2019
1909.09063,cs.NI cs.LG,2019
1909.09209,cs.AI cs.HC cs.LG cs.LO,2019
1909.09282,cs.RO cs.AI cs.LG cs.SY eess.SY,2019
1909.09314,cs.LG stat.ML,2019
1909.09505,cs.LG cs.RO eess.SP,2019
1909.09571,q-fin.PM cs.LG stat.ML,2019
1909.09705,cs.LG cs.AI cs.RO cs.SY eess.SY stat.ML,2019
1909.09906,cs.AI cs.LG,2019
1909.10008,cs.LG cs.AI stat.ML,2019
1909.10165,eess.SY cs.SY,2019
1909.10449,cs.LG stat.ML,2019
1909.10549,cs.LG stat.ML,2019
1909.11074,cs.IT cs.LG cs.NI math.IT,2019
1909.11228,cs.LG stat.ML,2019
1909.11538,cs.RO cs.AI cs.LG cs.SY eess.SY stat.ML,2019
1909.11591,cs.LG cs.AI cs.LO cs.SY eess.SY stat.ML,2019
1909.11671,cs.LG stat.ML,2019
1909.12268,eess.SY cs.LG cs.SY math.OC,2019
1909.12367,cs.LG stat.ML,2019
1909.12425,cs.AI cs.IR,2019
1909.12465,cs.AI,2019
1909.12482,cs.CV,2019
1909.12519,cond-mat.quant-gas quant-ph,2019
1909.12906,cs.CV cs.RO,2019
1909.12925,cs.AI cs.LG,2019
1909.12989,cs.LG cs.RO stat.ME,2019
1909.13158,cs.LG cs.AI stat.ML,2019
1909.13428,cs.LG stat.ML,2019
1909.13582,cs.LG cs.AI cs.RO stat.ML,2019
1909.13839,cs.LG cs.DC stat.ML,2019
1910.00177,cs.LG stat.ML,2019
1910.00211,cs.AI cs.LG cs.SY eess.SY,2019
1910.00399,cs.LG cs.AI cs.RO stat.ML,2019
1910.00410,physics.data-an hep-ex hep-ph,2019
1910.01055,cs.LG cs.AI cs.RO,2019
1910.01240,cs.LG cs.AI cs.RO stat.ML,2019
1910.01601,cs.NI cs.LG eess.SP,2019
1910.01708,cs.LG cs.AI stat.ML,2019
1910.01748,cs.RO cs.LG cs.NE,2019
1910.01806,cs.AI,2019
1910.01919,eess.SY cs.LG cs.SY math.OC,2019
1910.02140,cs.AI,2019
1910.02426,cs.LG cs.AI,2019
1910.02516,cs.PF cs.AI,2019
1910.02532,q-bio.NC cs.LG,2019
1910.02591,cs.MA cs.LG,2019
1910.02826,cs.LG stat.ML,2019
1910.02876,cs.LG cs.AI stat.ML,2019
1910.03144,cs.AI cs.RO,2019
1910.03177,cs.LG cs.CL stat.ML,2019
1910.03732,cs.LG cs.RO stat.ML,2019
1910.03741,cs.LG cs.AI,2019
1910.03743,cs.AI,2019
1910.04040,cs.AI,2019
1910.04059,q-bio.QM cs.LG,2019
1910.04077,cs.LG cs.AI stat.ML,2019
1910.04142,cs.RO cs.AI cs.CV cs.LG cs.NE,2019
1910.04295,math.OC cs.LG,2019
1910.04450,cs.LG cs.AI,2019
1910.04537,cs.RO cs.LG cs.MA stat.ML,2019
1910.04803,cs.RO cs.AI cs.LG,2019
1910.05054,cs.LG cs.AI cs.NI eess.SP,2019
1910.05092,cs.MA cs.LG,2019
1910.05268,cs.NE cs.LG,2019
1910.05308,cs.NI cs.LG stat.ML,2019
1910.05313,eess.SY cs.SY,2019
1910.05471,cs.LG stat.ML,2019
1910.05547,cs.LG stat.ML,2019
1910.05821,cs.LG stat.ML,2019
1910.05876,cs.LG stat.ML,2019
1910.05907,eess.SY cs.LG cs.SY,2019
1910.05983,cs.LG stat.ML,2019
1910.06001,cs.LG cs.AI cs.RO,2019
1910.06489,cs.LG q-bio.NC stat.ML,2019
1910.06764,cs.LG cs.AI stat.ML,2019
1910.06788,eess.SY cs.DB cs.LG cs.SY math.OC,2019
1910.07224,cs.LG cs.RO stat.ML,2019
1910.07459,cs.LG cs.RO stat.ML,2019
1910.07788,physics.flu-dyn,2019
1910.08151,cs.LG stat.ML,2019
1910.08285,cs.LG stat.ML,2019
1910.08412,cs.LG math.OC stat.ML,2019
1910.08476,cs.LG math.OC stat.ML,2019
1910.08719,cs.LG cs.AI cs.GT stat.ML,2019
1910.08809,cs.LG cs.MA stat.ML,2019
1910.08811,cs.CV cs.RO,2019
1910.08926,cs.LG cs.AI cs.CV stat.ML,2019
1910.08942,cs.MA cs.AI,2019
1910.09152,cs.LG stat.ML,2019
1910.09172,cs.NI cs.LG eess.SP,2019
1910.09260,cs.CL cs.AI,2019
1910.09281,cs.LG cs.AI stat.ML,2019
1910.09434,eess.SY cs.LG cs.SY,2019
1910.09451,cs.LG cs.CL stat.ML,2019
1910.09471,cs.RO cs.LG,2019
1910.09508,cs.MA cs.AI cs.LG,2019
1910.09667,cs.RO cs.LG cs.SY eess.SY,2019
1910.09959,cs.AI cs.RO,2019
1910.09986,cs.AI,2019
1910.10194,cs.RO cs.LG,2019
1910.10232,cs.LG cs.AI cs.RO,2019
1910.10597,cs.LG cs.AI stat.ML,2019
1910.10620,cs.RO cs.AI cs.LG,2019
1910.10695,cs.IT cs.NI math.IT,2019
1910.10754,cs.LG cs.RO stat.ML,2019
1910.10840,cs.LG cs.AI stat.ML,2019
1910.10897,cs.LG cs.AI cs.RO stat.ML,2019
1910.11256,cs.SD cs.LG,2019
1910.11432,cs.LG cs.AI cs.CV cs.RO stat.ML,2019
1910.11956,cs.LG cs.RO stat.ML,2019
1910.12154,cs.LG cs.AI,2019
1910.12156,cs.LG stat.ML,2019
1910.12453,cs.LG cs.AI cs.RO stat.ML,2019
1910.12577,cs.CY cs.LG stat.ML,2019
1910.12802,math.OC cs.LG,2019
1910.12807,stat.ML cs.LG,2019
1910.12911,cs.LG cs.AI stat.ML,2019
1910.13196,cs.MA cs.LG cs.SY eess.SY,2019
1910.13213,cs.AI cs.LG,2019
1910.13249,cs.CV cs.HC cs.LG,2019
1910.13393,cs.LG math.OC stat.ML,2019
1910.13399,cs.RO cs.AI cs.LG,2019
1910.13859,eess.SP,2019
1910.13983,cs.LG cs.CY stat.ML,2019
1910.14002,cs.LG cs.AI cs.MA cs.SY eess.SY,2019
1910.14199,eess.SP cs.NI cs.SY eess.SY,2019
1910.14229,cs.CL cs.AI,2019
1910.14273,cs.LG cs.CY cs.SI stat.ML,2019
1911.00165,cs.RO cs.LG,2019
1911.00459,cs.LG stat.ML,2019
1911.00489,eess.SY cs.SY,2019
1911.00828,cs.LG cs.AI stat.ML,2019
1911.00887,cs.LG stat.ML,2019
1911.00954,cs.LG cs.AI stat.ML,2019
1911.01030,cs.LG cs.DB stat.ML,2019
1911.01562,cs.LG cs.AI cs.RO,2019
1911.02166,cs.LG cs.AI,2019
1911.02191,cs.LG cs.AI,2019
1911.02256,cs.LG stat.ML,2019
1911.02723,cs.LG stat.ML,2019
1911.03308,cs.LG stat.ML,2019
1911.03769,cs.NE cs.LG,2019
1911.03799,cs.RO cs.LG,2019
1911.03887,eess.SP cs.LG cs.NI stat.ML,2019
1911.04021,cs.AI cs.LG cs.NE,2019
1911.04024,cs.LG cs.AI cs.RO stat.ML,2019
1911.04096,eess.SY cs.MA cs.SY,2019
1911.04107,cs.LG cs.AI stat.ML,2019
1911.04175,cs.LG cs.AI cs.MA cs.RO stat.ML,2019
1911.04448,cs.LG stat.ML,2019
1911.04801,cs.NI cs.AI cs.LG,2019
1911.04936,cs.LG stat.ML,2019
1911.05281,cs.IT cs.LG math.IT,2019
1911.05403,cs.SE cs.AI cs.LG,2019
1911.05438,cs.LG cs.MA stat.ML,2019
1911.05478,cs.RO cs.SY eess.SY,2019
1911.05695,cs.LG cs.AI,2019
1911.05696,cs.LG cs.AI,2019
1911.05697,cs.LG stat.ML,2019
1911.05815,cs.LG stat.ML,2019
1911.05892,q-fin.TR cs.LG cs.MA,2019
1911.06294,eess.SY cs.LG cs.SY eess.SP,2019
1911.06832,cs.LG cs.AI cs.NE cs.RO stat.ML,2019
1911.06882,cs.RO cs.SY eess.SY,2019
1911.06930,cs.LG cs.AI stat.ML,2019
1911.07084,cs.LG cs.AI stat.ML,2019
1911.07109,cs.LG cs.AI cs.RO stat.ML,2019
1911.07224,cs.LG cs.RO stat.ML,2019
1911.07608,cs.NI cs.LG,2019
1911.07630,cs.OH cs.LG stat.ML,2019
1911.07712,cs.AI,2019
1911.08517,cs.LG cs.DC eess.SP,2019
1911.08647,q-fin.TR,2019
1911.08701,cs.LG stat.ML,2019
1911.08771,eess.SP,2019
1911.08799,cs.GT cs.AI cs.LG,2019
1911.08842,cs.CY cs.AI cs.SY eess.SY,2019
1911.08874,cs.LG eess.SP stat.ML,2019
1911.09101,eess.SY cs.LG cs.SY math.OC,2019
1911.09157,cs.LG math.PR,2019
1911.09233,cs.RO,2019
1911.09391,cs.LG cs.AI cs.RO stat.ML,2019
1911.09535,cs.MA cs.AI cs.LG,2019
1911.09560,cs.LG cs.NE stat.ML,2019
1911.09615,cs.LG cs.NE stat.ML,2019
1911.09682,quant-ph cs.LG,2019
1911.09715,cs.IT cs.LG eess.SP math.IT,2019
1911.09724,stat.ML cs.AI cs.LG,2019
1911.10107,q-fin.CP cs.LG q-fin.TR,2019
1911.10164,cs.LG cs.AI stat.ML,2019
1911.10286,eess.SY cs.SY,2019
1911.10334,cs.CV,2019
1911.10521,cs.LG cs.AI eess.SP,2019
1911.10635,cs.LG cs.AI cs.MA stat.ML,2019
1911.10641,cs.LG cs.AI math.OC,2019
1911.10684,cs.LG cs.AI stat.ML,2019
1911.11260,cs.LG cs.AI stat.ML,2019
1911.11361,cs.LG cs.AI stat.ML,2019
1911.11404,cs.CL,2019
1911.11444,cs.LG cs.AI,2019
1911.11573,cs.LG cs.AI,2019
1911.11689,cs.DB cs.AI cs.LG,2019
1911.11880,q-fin.PM cs.LG,2019
1911.11928,cs.LG cs.AI stat.ML,2019
1911.12511,cs.AI cs.LG,2019
1911.12553,cs.LG cs.AI cs.RO,2019
1911.12574,cs.LG stat.ML,2019
1911.13152,cs.LG cs.AI cs.LO stat.ML,2019
1912.00074,cs.LG cs.AI stat.ML,2019
1912.00189,eess.SY cs.SY,2019
1912.00330,cs.LG stat.ML,2019
1912.00745,cs.RO,2019
1912.00753,cs.IR cs.AI,2019
1912.00949,cs.LG cs.AI cs.MA stat.ML,2019
1912.01319,cs.IT cs.NI eess.SP math.IT,2019
1912.01715,cs.RO cs.AI cs.LG,2019
1912.02206,cs.CL,2019
1912.02222,cs.NI cs.LG,2019
1912.02254,cs.LG stat.ML,2019
1912.02288,cs.AI,2019
1912.02470,cs.CV,2019
1912.02532,cs.LG cs.AI stat.ML,2019
1912.02552,cs.AI,2019
1912.02572,cs.LG stat.ML,2019
1912.02877,cs.LG cs.AI cs.RO,2019
1912.03341,cs.NE,2019
1912.03513,cs.AI cs.LG cs.SY eess.SY stat.ML,2019
1912.03747,cs.RO cs.LG,2019
1912.03821,cs.LG cs.AI cs.MA cs.SY eess.SY math.OC stat.ML,2019
1912.03905,cs.LG cs.AI stat.ML,2019
1912.03918,cs.LG cs.NE,2019
1912.04030,cs.NI cs.IT cs.LG math.IT,2019
1912.04136,stat.ML cs.LG,2019
1912.04161,cs.NE cs.LG,2019
1912.04226,cs.AI cs.LG,2019
1912.04321,cs.IT cs.LG math.IT,2019
1912.04451,cs.MA,2019
1912.04964,cs.LG cs.AI,2019
1912.05160,cs.DC cs.LG,2019
1912.05205,cs.RO cs.AI,2019
1912.05304,cs.AI cs.LG cs.MA,2019
1912.05313,eess.SY cs.AI cs.LG cs.SY eess.SP,2019
1912.05328,cs.LG cs.AI,2019
1912.05676,cs.MA cs.CL cs.LG,2019
1912.05684,cs.CV,2019
1912.05957,cs.CL cs.LG,2019
1912.06085,math.OC cs.LG cs.MA cs.SY eess.SY stat.ML,2019
1912.06101,cs.LG cs.AI,2019
1912.06292,cs.LG stat.ME stat.ML,2019
1912.06310,cs.LG cs.AI cs.NE,2019
1912.06680,cs.LG stat.ML,2019
1912.06860,cs.MA cs.AI,2019
1912.06880,cs.MA cs.AI cs.LG,2019
1912.07190,cs.CV cs.LG eess.IV,2019
1912.07712,cs.AI cs.NE,2019
1912.07773,cs.CV cs.HC cs.LG cs.RO,2019
1912.08517,cs.LG stat.ML,2019
1912.09022,cs.DC cs.NI,2019
1912.09260,cs.RO cs.AI,2019
1912.09302,cs.NI,2019
1912.09509,econ.EM,2019
1912.09595,cs.LG stat.ML,2019
1912.09902,cs.LG stat.ML,2019
1912.10146,cs.LG cs.AI cs.RO cs.SY eess.SY,2019
1912.10325,cs.LG stat.ML,2019
1912.10600,cs.LG cs.AI stat.ML,2019
1912.10783,quant-ph,2019
1912.10944,cs.MA cs.AI cs.LG,2019
1912.11032,cs.RO cs.AI cs.LG,2019
1912.11077,cs.LG cs.AI stat.ML,2019
1912.11531,cs.CR cs.AI cs.LG,2019
1912.12002,quant-ph cs.LG,2019
1912.12016,cs.LG cs.SI stat.ML,2019
